,AZ,,,,,,,,GA,,,,,,,,,,MI,,,,,,,,,,NV,,,,,,,,,,NC,,,,,,,,,,PA,,,,,,,,,,WI,,,,,,,,,
Label (Grouping),Total,,Foreign-born,,Foreign-born; Naturalized citizen,,Foreign-born; Not a U.S. citizen,,Total,,Native,,Foreign-born,,Foreign-born; Naturalized citizen,,Foreign-born; Not a U.S. citizen,,Total,,Native,,Foreign-born,,Foreign-born; Naturalized citizen,,Foreign-born; Not a U.S. citizen,,Total,,Native,,Foreign-born,,Foreign-born; Naturalized citizen,,Foreign-born; Not a U.S. citizen,,Total,,Native,,Foreign-born,,Foreign-born; Naturalized citizen,,Foreign-born; Not a U.S. citizen,,Total,,Native,,Foreign-born,,Foreign-born; Naturalized citizen,,Foreign-born; Not a U.S. citizen,,Total,,Native,,Foreign-born,,Foreign-born; Naturalized citizen,,Foreign-born; Not a U.S. citizen,
Total population,"7,431,344",,"980,927",,"474,767",,"506,160",,"11,029,227",,"9,754,765",,"1,274,462",,"625,449",,"649,013",,"10,037,261",,"9,299,709",,"737,552",,"417,635",,"319,917",,"3,194,176",,"2,579,397",,"614,779",,"329,511",,"285,268",,"10,835,491",,"9,840,364",,"995,127",,"433,357",,"561,770",,"12,961,683",,"11,930,363",,"1,031,320",,"567,837",,"463,483",,"5,910,955",,"5,603,056",,"307,899",,"146,096",,"161,803",
    SEX AND AGE,,,,,,,,,,,,,,,,,,,,,,,,,,,,,,,,,,,,,,,,,,,,,,,,,,,,,,,,,,,,,,,,,,,,
        Male,0.50," 3,708,241 ",0.48," 467,902 ",0.45," 215,069 ",0.50," 253,080 ",0.49," 5,382,263 ",0.49," 4,750,571 ",0.50," 632,133 ",0.47," 293,961 ",0.52," 337,487 ",0.50," 4,968,444 ",0.50," 4,603,356 ",0.50," 366,563 ",0.48," 201,300 ",0.52," 165,397 ",0.50," 1,606,671 ",0.51," 1,312,913 ",0.48," 295,094 ",0.46," 150,257 ",0.51," 144,631 ",0.49," 5,309,391 ",0.49," 4,811,938 ",0.50," 501,544 ",0.48," 208,011 ",0.52," 293,244 ",0.49," 6,390,110 ",0.49," 5,881,669 ",0.49," 502,253 ",0.47," 267,451 ",0.51," 234,986 ",0.50," 2,961,388 ",0.50," 2,801,528 ",0.51," 157,028 ",0.49," 70,857 ",0.53," 86,241 "
        Female,0.50," 3,723,103 ",0.52," 513,025 ",0.55," 259,698 ",0.50," 253,080 ",0.51," 5,646,964 ",0.51," 5,004,194 ",0.50," 642,329 ",0.53," 331,488 ",0.48," 311,526 ",0.51," 5,068,817 ",0.51," 4,696,353 ",0.50," 370,989 ",0.52," 216,335 ",0.48," 154,520 ",0.50," 1,587,505 ",0.49," 1,266,484 ",0.52," 319,685 ",0.54," 179,254 ",0.49," 140,637 ",0.51," 5,526,100 ",0.51," 5,028,426 ",0.50," 493,583 ",0.52," 225,346 ",0.48," 268,526 ",0.51," 6,571,573 ",0.51," 6,048,694 ",0.51," 529,067 ",0.53," 300,386 ",0.49," 228,497 ",0.50," 2,949,567 ",0.50," 2,801,528 ",0.49," 150,871 ",0.52," 75,239 ",0.47," 75,562 "
        18 to 24 years,0.09," 698,546 ",0.06," 56,894 ",0.03," 14,718 ",0.08," 42,517 ",0.10," 1,047,777 ",0.10," 965,722 ",0.06," 77,742 ",0.04," 24,393 ",0.08," 52,570 ",0.09," 923,428 ",0.09," 864,873 ",0.08," 56,054 ",0.05," 21,717 ",0.11," 34,231 ",0.08," 255,534 ",0.09," 229,566 ",0.05," 27,665 ",0.03," 8,897 ",0.07," 18,542 ",0.10," 1,029,372 ",0.10," 964,356 ",0.06," 63,688 ",0.05," 19,501 ",0.08," 44,380 ",0.09," 1,166,551 ",0.09," 1,085,663 ",0.07," 76,318 ",0.05," 28,392 ",0.10," 48,202 ",0.09," 549,719 ",0.09," 526,687 ",0.08," 25,248 ",0.07," 10,373 ",0.09," 14,724 "
        25 to 44 years,0.27," 1,969,306 ",0.34," 329,591 ",0.26," 123,914 ",0.41," 206,007 ",0.27," 2,999,950 ",0.26," 2,506,975 ",0.39," 498,315 ",0.31," 192,638 ",0.47," 305,685 ",0.25," 2,539,427 ",0.25," 2,287,728 ",0.35," 255,193 ",0.29," 120,279 ",0.42," 135,005 ",0.28," 900,758 ",0.27," 699,017 ",0.33," 202,877 ",0.25," 83,037 ",0.42," 119,813 ",0.26," 2,849,734 ",0.25," 2,450,251 ",0.40," 396,061 ",0.30," 129,574 ",0.47," 266,279 ",0.26," 3,305,229 ",0.25," 2,922,939 ",0.38," 387,776 ",0.30," 171,487 ",0.47," 216,447 ",0.25," 1,495,472 ",0.24," 1,367,146 ",0.41," 124,699 ",0.29," 42,660 ",0.51," 82,034 "
        45 to 54 years,0.12," 862,036 ",0.21," 204,033 ",0.21," 98,277 ",0.21," 105,787 ",0.13," 1,411,741 ",0.12," 1,141,308 ",0.21," 263,814 ",0.23," 140,726 ",0.19," 123,312 ",0.12," 1,194,434 ",0.11," 1,060,167 ",0.18," 131,284 ",0.18," 76,845 ",0.17," 54,706 ",0.13," 402,466 ",0.10," 265,678 ",0.22," 134,637 ",0.21," 68,538 ",0.23," 65,897 ",0.13," 1,354,436 ",0.12," 1,141,482 ",0.21," 206,986 ",0.23," 98,372 ",0.19," 108,983 ",0.12," 1,529,479 ",0.11," 1,348,131 ",0.18," 180,481 ",0.20," 113,567 ",0.14," 66,278 ",0.12," 685,671 ",0.11," 633,145 ",0.19," 57,885 ",0.21," 31,265 ",0.17," 26,697 "
        55 to 64 years,0.12," 876,899 ",0.16," 155,967 ",0.20," 96,378 ",0.12," 59,221 ",0.12," 1,334,536 ",0.12," 1,151,062 ",0.14," 183,523 ",0.20," 127,592 ",0.09," 55,815 ",0.13," 1,334,956 ",0.13," 1,227,562 ",0.15," 107,683 ",0.19," 77,262 ",0.10," 30,392 ",0.12," 396,078 ",0.11," 286,313 ",0.18," 108,816 ",0.22," 71,174 ",0.13," 37,370 ",0.13," 1,365,272 ",0.13," 1,239,886 ",0.13," 130,362 ",0.19," 84,071 ",0.08," 47,189 ",0.13," 1,736,866 ",0.13," 1,598,669 ",0.14," 144,385 ",0.18," 102,778 ",0.09," 41,713 ",0.14," 803,890 ",0.14," 762,016 ",0.13," 40,643 ",0.17," 24,836 ",0.10," 15,857 "
        65 to 74 years,0.11," 810,016 ",0.12," 112,807 ",0.16," 75,013 ",0.08," 37,962 ",0.09," 1,025,718 ",0.10," 936,457 ",0.08," 99,408 ",0.12," 71,927 ",0.04," 27,259 ",0.12," 1,164,322 ",0.12," 1,088,066 ",0.10," 74,493 ",0.14," 57,216 ",0.05," 17,276 ",0.10," 332,194 ",0.10," 263,098 ",0.11," 68,855 ",0.16," 52,722 ",0.06," 16,260 ",0.11," 1,137,727 ",0.11," 1,072,600 ",0.07," 71,649 ",0.12," 52,436 ",0.03," 19,100 ",0.12," 1,516,517 ",0.12," 1,419,713 ",0.09," 91,787 ",0.12," 69,844 ",0.05," 22,247 ",0.12," 685,671 ",0.12," 661,161 ",0.08," 23,708 ",0.12," 18,116 ",0.03," 5,501 "
        75 to 84 years,0.07," 490,469 ",0.06," 55,913 ",0.09," 42,729 ",0.03," 13,160 ",0.05," 518,374 ",0.05," 477,983 ",0.04," 45,881 ",0.06," 35,025 ",0.02," 10,384 ",0.06," 572,124 ",0.06," 539,383 ",0.05," 39,090 ",0.08," 32,158 ",0.02," 7,038 ",0.06," 178,874 ",0.06," 141,867 ",0.06," 36,887 ",0.09," 30,974 ",0.02," 6,276 ",0.06," 595,952 ",0.06," 560,901 ",0.04," 34,829 ",0.06," 27,735 ",0.01," 7,303 ",0.06," 790,663 ",0.06," 739,683 ",0.05," 53,629 ",0.08," 43,723 ",0.02," 9,270 ",0.06," 331,013 ",0.06," 319,374 ",0.03," 10,469 ",0.06," 8,035 ",0.02," 2,427 "
        85 years and over,0.02," 141,196 ",0.02," 15,695 ",0.03," 13,768 ",0.01," 2,531 ",0.01," 143,380 ",0.01," 136,567 ",0.01," 12,745 ",0.02," 10,007 ",0.00," 2,596 ",0.02," 190,708 ",0.02," 176,694 ",0.02," 16,226 ",0.03," 13,782 ",0.01," 2,239 ",0.01," 44,718 ",0.01," 33,532 ",0.02," 11,066 ",0.03," 9,226 ",0.01," 2,282 ",0.02," 173,368 ",0.02," 167,286 ",0.01," 9,951 ",0.02," 7,367 ",0.00," 2,247 ",0.02," 298,119 ",0.02," 274,398 ",0.02," 18,564 ",0.03," 15,332 ",0.01," 2,781 ",0.02," 118,219 ",0.02," 112,061 ",0.02," 5,234 ",0.03," 4,237 ",0.01, 971 
        Median age (years),39.30," 292,051,819 ",47.4,,54,,42.3,,37.90,,36.20,,43.90,,50.30,,39.10," 25,376,408 ",40.50," 406,509,071 ",39.90," 371,058,389 ",45.00,,51.60,,37.50,,39.40,,35.90,,49.00,,54.90," 18,090,154 ",42.80,,39.40,,38.70,,43.30,,50.30,,38.30,,41.10,,40.70,,43.80,,50.50,,37.00,,40.50,,40.30,,42.70,,49.10,,38.10,
    RACE AND HISPANIC OR LATINO ORIGIN,,,,,,,,,,,,,,,,,,,,,, -   ,,,,,,,,,,,,,, -   ,,,,,,,,,,,,,,,,,,,,,,,,,,,,,,,,
        One race,0.80," 5,952,507 ",0.66," 644,469 ",0.73," 344,681 ",0.59," 300,153 ",0.91," 10,058,655 ",0.93," 9,023,158 ",0.82," 1,038,687 ",0.86," 536,635 ",0.77," 501,687 ",0.93," 9,314,578 ",0.93," 8,667,329 ",0.88," 651,996 ",0.92," 385,477 ",0.83," 266,491 ",0.84," 2,670,331 ",0.84," 2,161,535 ",0.82," 506,578 ",0.84," 276,460 ",0.81," 229,926 ",0.92," 9,936,145 ",0.93," 9,112,177 ",0.82," 814,014 ",0.86," 370,954 ",0.79," 443,798 ",0.93," 12,002,518 ",0.93," 11,107,168 ",0.87," 895,186 ",0.89," 503,671 ",0.84," 391,180 ",0.92," 5,461,722 ",0.93," 5,222,048 ",0.79," 242,009 ",0.86," 125,350 ",0.72," 116,660 "
            White,0.58," 4,332,474 ",0.21," 209,918 ",0.28," 132,935 ",0.15," 76,936 ",0.50," 5,547,701 ",0.55," 5,355,366 ",0.15," 189,895 ",0.18," 113,832 ",0.12," 75,935 ",0.74," 7,407,499 ",0.76," 7,086,378 ",0.43," 314,935 ",0.53," 220,511 ",0.30," 94,376 ",0.50," 1,590,700 ",0.58," 1,488,312 ",0.17," 103,283 ",0.19," 63,266 ",0.14," 39,938 ",0.61," 6,652,991 ",0.66," 6,465,119 ",0.19," 187,084 ",0.26," 111,373 ",0.14," 76,401 ",0.74," 9,591,645 ",0.78," 9,329,544 ",0.25," 261,955 ",0.29," 165,808 ",0.21," 95,941 ",0.80," 4,722,853 ",0.83," 4,656,140 ",0.22," 68,354 ",0.29," 41,783 ",0.16," 26,374 "
            Black or African American,0.05," 356,705 ",0.05," 50,027 ",0.06," 29,910 ",0.04," 20,753 ",0.31," 3,397,002 ",0.32," 3,160,544 ",0.18," 234,501 ",0.26," 162,617 ",0.11," 71,391 ",0.13," 1,324,918 ",0.14," 1,274,060 ",0.06," 46,466 ",0.05," 21,717 ",0.08," 24,954 ",0.09," 300,253 ",0.11," 275,995 ",0.04," 23,362 ",0.05," 16,146 ",0.03," 7,132 ",0.20," 2,177,934 ",0.21," 2,076,317 ",0.11," 105,483 ",0.16," 69,337 ",0.07," 36,515 ",0.11," 1,373,938 ",0.10," 1,228,827 ",0.13," 135,103 ",0.15," 82,904 ",0.11," 51,910 ",0.06," 348,746 ",0.06," 330,580 ",0.07," 20,629 ",0.07," 9,788 ",0.07," 10,841 "
            American Indian and Alaska Native,0.04," 297,254 ",0.01," 13,733 ",0.01," 5,222 ",0.02," 8,605 ",0.01," 55,146 ",0.00," 29,264 ",0.02," 19,117 ",0.00," 2,502 ",0.03," 16,874 ",0.01," 50,186 ",0.01," 46,499 ",0.01," 4,425 ",0.00, 835 ,0.01," 3,199 ",0.01," 44,718 ",0.01," 33,532 ",0.02," 9,222 ",0.01," 3,954 ",0.02," 5,135 ",0.01," 108,355 ",0.01," 108,244 ",0.01," 8,956 ",0.00," 1,733 ",0.01," 7,865 ",0.00," 25,923 ",0.00," 23,861 ",0.01," 9,282 ",0.01," 3,407 ",0.01," 6,489 ",0.01," 47,288 ",0.01," 44,824 ",0.01," 4,003 ",0.01," 1,753 ",0.02," 2,427 "
            Asian,0.04," 267,528 ",0.18," 172,643 ",0.21," 101,125 ",0.14," 71,875 ",0.05," 496,315 ",0.02," 156,076 ",0.27," 345,379 ",0.32," 198,893 ",0.23," 147,326 ",0.03," 341,267 ",0.01," 111,597 ",0.32," 233,066 ",0.30," 126,543 ",0.33," 106,212 ",0.09," 290,670 ",0.04," 110,914 ",0.30," 181,975 ",0.41," 133,452 ",0.17," 48,496 ",0.03," 357,571 ",0.01," 118,084 ",0.24," 238,830 ",0.30," 131,307 ",0.19," 107,298 ",0.04," 505,506 ",0.01," 167,025 ",0.32," 334,148 ",0.35," 196,472 ",0.30," 137,654 ",0.03," 177,329 ",0.02," 84,046 ",0.31," 95,449 ",0.39," 56,977 ",0.24," 38,509 "
            Native Hawaiian and Other Pacific Islander,0.00," 14,863 ",0.00," 2,943 ",0.00, 950 ,0.00," 1,518 ",0.00," 11,029 ",0.00," 9,755 ",0.00," 2,549 ",0.00, 625 ,0.00," 1,947 ",0.00, -   ,0.00, -   ,0.00, -   ,0.00, -   ,0.00, 320 ,0.01," 25,553 ",0.01," 20,635 ",0.01," 3,074 ",0.00, 989 ,0.01," 1,997 ",0.00, -   ,0.00, -   ,0.00, 995 ,0.00, 433 ,0.00, 562 ,0.00, -   ,0.00, -   ,0.00, -   ,0.00, -   ,0.00, -   ,0.00, -   ,0.00, -   ,0.00, -   ,0.00, -   ,0.00, 162 
            Some other race,0.09," 683,684 ",0.20," 195,204 ",0.16," 74,538 ",0.24," 120,466 ",0.05," 551,461 ",0.03," 302,398 ",0.19," 247,246 ",0.09," 58,792 ",0.29," 188,863 ",0.02," 190,708 ",0.02," 139,496 ",0.07," 53,104 ",0.04," 15,870 ",0.12," 37,430 ",0.13," 418,437 ",0.09," 232,146 ",0.30," 186,278 ",0.18," 58,982 ",0.45," 127,515 ",0.06," 617,623 ",0.04," 344,413 ",0.27," 272,665 ",0.13," 56,770 ",0.38," 215,720 ",0.04," 505,506 ",0.03," 357,911 ",0.15," 154,698 ",0.10," 55,080 ",0.22," 99,649 ",0.03," 159,596 ",0.02," 106,458 ",0.17," 53,574 ",0.10," 15,048 ",0.24," 38,347 "
        Two or more races,0.20," 1,478,837 ",0.34," 336,458 ",0.27," 130,086 ",0.41," 206,007 ",0.09," 970,572 ",0.08," 731,607 ",0.19," 235,775 ",0.14," 88,814 ",0.23," 147,326 ",0.07," 722,683 ",0.07," 632,380 ",0.12," 85,556 ",0.08," 32,158 ",0.17," 53,426 ",0.16," 523,845 ",0.16," 417,862 ",0.18," 108,201 ",0.16," 53,051 ",0.19," 55,342 ",0.08," 899,346 ",0.07," 728,187 ",0.18," 181,113 ",0.14," 62,403 ",0.21," 117,972 ",0.07," 959,165 ",0.07," 823,195 ",0.13," 136,134 ",0.11," 64,166 ",0.16," 72,303 ",0.08," 449,233 ",0.07," 381,008 ",0.21," 65,890 ",0.14," 20,746 ",0.28," 45,143 "
        Hispanic or Latino origin (of any race),0.32," 2,348,305 ",0.59," 576,785 ",0.47," 223,615 ",0.70," 353,300 ",0.11," 1,224,244 ",0.07," 721,853 ",0.39," 499,589 ",0.23," 141,977 ",0.55," 357,606 ",0.06," 602,236 ",0.05," 464,985 ",0.18," 134,234 ",0.10," 43,016 ",0.28," 90,856 ",0.30," 955,059 ",0.25," 631,952 ",0.53," 325,218 ",0.38," 124,226 ",0.71," 201,114 ",0.11," 1,235,246 ",0.08," 767,548 ",0.47," 471,690 ",0.28," 120,473 ",0.63," 351,668 ",0.09," 1,153,590 ",0.07," 870,916 ",0.28," 285,676 ",0.20," 114,135 ",0.37," 171,489 ",0.08," 478,787 ",0.06," 352,993 ",0.40," 122,852 ",0.26," 37,839 ",0.53," 85,270 "
"        White alone, not Hispanic or Latino",0.52," 3,886,593 ",0.16," 159,891 ",0.23," 108,722 ",0.10," 51,122 ",0.49," 5,371,234 ",0.54," 5,218,799 ",0.12," 146,563 ",0.16," 97,570 ",0.08," 48,676 ",0.72," 7,256,940 ",0.75," 6,956,182 ",0.41," 302,396 ",0.52," 215,082 ",0.27," 87,337 ",0.44," 1,418,214 ",0.52," 1,346,445 ",0.12," 71,314 ",0.15," 47,779 ",0.08," 23,392 ",0.60," 6,479,624 ",0.64," 6,327,354 ",0.15," 151,259 ",0.22," 97,072 ",0.10," 54,492 ",0.73," 9,423,144 ",0.77," 9,186,380 ",0.24," 243,392 ",0.28," 157,859 ",0.18," 85,281 ",0.78," 4,634,189 ",0.82," 4,572,094 ",0.20," 60,348 ",0.26," 38,277 ",0.14," 22,005 "
    HOUSEHOLD TYPE,,,,,,,,,,,,,,,,,,,,,,,,,,,,,,,,,,,,,,,,,,,,,,,,,,,,,,,,,,,,,,,,,,,,
        In married-couple family,57.50%," 4,273,023 ",63.10%," 618,965 ",66.00%," 313,346 ",60.40%," 305,721 ",56.90%," 6,275,630 ",55.70%," 5,433,404 ",65.60%," 836,047 ",68.00%," 425,305 ",63.30%," 410,825 ",58.00%," 5,821,611 ",57.00%," 5,300,834 ",70.60%," 520,712 ",72.80%," 304,038 ",67.70%," 216,584 ",54.30%," 1,734,438 ",53.40%," 1,377,398 ",58.00%," 356,572 ",61.20%," 201,661 ",54.30%," 154,901 ",58.30%," 6,317,091 ",57.50%," 5,658,209 ",66.60%," 662,755 ",71.10%," 308,117 ",63.10%," 354,477 ",57.30%," 7,427,044 ",56.80%," 6,776,446 ",63.00%," 649,732 ",66.90%," 379,883 ",58.30%," 270,211 ",59.00%," 3,487,463 ",58.70%," 3,288,994 ",63.40%," 195,208 ",68.50%," 100,076 ",58.70%," 94,978 "
        In other households,40.30%," 2,994,832 ",35.90%," 352,153 ",33.10%," 157,148 ",38.40%," 194,365 ",40.80%," 4,499,925 ",41.80%," 4,077,492 ",33.20%," 423,121 ",31.20%," 195,140 ",35.20%," 228,453 ",39.90%," 4,004,867 ",40.80%," 3,794,281 ",27.80%," 205,039 ",26.40%," 110,256 ",29.70%," 95,015 ",44.60%," 1,424,602 ",45.30%," 1,168,467 ",41.40%," 254,519 ",38.40%," 126,532 ",44.80%," 127,800 ",39.10%," 4,236,677 ",39.80%," 3,916,465 ",32.00%," 318,441 ",27.80%," 120,473 ",35.30%," 198,305 ",39.40%," 5,106,903 ",39.80%," 4,748,284 ",34.80%," 358,899 ",32.00%," 181,708 ",38.30%," 177,514 ",38.70%," 2,287,540 ",38.90%," 2,179,589 ",34.90%," 107,457 ",30.20%," 44,121 ",39.10%," 63,265 "
    Average  household size,2.5,,3.08,,2.9,,3.3,,2.6,,2.5,,3.21,,3.05,,3.42,,2.39,,2.35,,2.92,,2.92,,2.93,,2.58,,2.42,,3.14,,2.95,,3.43,,2.4,,2.32,,3.13,,2.88,,3.39,,2.35,,2.31,,2.85,,2.81,,2.92,,2.31,,2.28,,2.97,,2.86,,3.08,
    Average family size,3.09,,3.52,,3.37,,3.7,,3.21,,3.12,,3.67,,3.58,,3.79,,3.01,,2.96,,3.5,,3.47,,3.55,,3.22,,3.09,,3.59,,3.42,,3.85,,2.98,,2.9,,3.55,,3.3,,3.8,,2.96,,2.92,,3.33,,3.28,,3.41,,2.94,,2.9,,3.57,,3.45,,3.7,
MARITAL STATUS,,,,,,,,,,,,,,,,,,,,,,,,,,,,,,,,,,,,,,,,,,,,,,,,,,,,,,,,,,,,,,,,,,,,
    Population 15  years and over,"6,149,973",,"944,938",,"468,408",,"476,530",,"8,972,322",,"7,765,862",,"1,206,460",,"613,002",,"593,458",,"8,314,793",,"7,618,963",,"695,830",,"407,803",,"288,027",,"2,635,992",,"2,040,044",,"595,948",,"325,350",,"270,598",,"8,940,919",,"8,007,688",,"933,231",,"424,737",,"508,494",,"10,817,285",,"9,844,771",,"972,514",,"553,412",,"419,102",,"4,901,177",,"4,606,806",,"294,371",,"142,901",,"151,470",
        Never married,34.30%," 2,109,441 ",21.20%," 200,327 ",15.40%," 72,135 ",26.90%," 128,187 ",35.30%," 3,167,230 ",37.10%," 2,881,135 ",23.40%," 282,312 ",17.60%," 107,888 ",29.50%," 175,070 ",34.20%," 2,843,659 ",35.30%," 2,689,494 ",21.90%," 152,387 ",17.10%," 69,734 ",28.70%," 82,664 ",35.60%," 938,413 ",39.40%," 803,777 ",22.60%," 134,684 ",16.40%," 53,357 ",30.00%," 81,179 ",32.60%," 2,914,740 ",33.70%," 2,698,591 ",23.50%," 219,309 ",15.20%," 64,560 ",30.50%," 155,091 ",34.60%," 3,742,781 ",35.60%," 3,504,738 ",24.50%," 238,266 ",18.80%," 104,041 ",32.00%," 134,113 ",33.80%," 1,656,598 ",34.20%," 1,575,528 ",26.70%," 78,597 ",21.10%," 30,152 ",31.90%," 48,319 "
"        Now married, except separated",47.70%," 2,933,537 ",61.60%," 582,082 ",64.40%," 301,655 ",58.90%," 280,676 ",46.70%," 4,190,074 ",44.30%," 3,440,277 ",62.20%," 750,418 ",64.80%," 397,225 ",59.50%," 353,108 ",48.10%," 3,999,415 ",46.50%," 3,542,818 ",65.50%," 455,769 ",68.10%," 277,714 ",61.80%," 178,001 ",44.60%," 1,175,652 ",41.10%," 838,458 ",56.70%," 337,903 ",58.60%," 190,655 ",54.50%," 147,476 ",49.30%," 4,407,873 ",47.60%," 3,811,659 ",63.40%," 591,668 ",67.70%," 287,547 ",59.80%," 304,079 ",47.80%," 5,170,662 ",46.60%," 4,587,663 ",59.90%," 582,536 ",62.90%," 348,096 ",55.90%," 234,278 ",49.70%," 2,435,885 ",49.10%," 2,261,942 ",59.30%," 174,562 ",61.90%," 88,456 ",56.90%," 86,186 "
        Divorced or separated,12.60%," 774,897 ",12.10%," 114,337 ",13.20%," 61,830 ",11.00%," 52,418 ",12.80%," 1,148,457 ",13.10%," 1,017,328 ",10.90%," 131,504 ",12.90%," 79,077 ",8.90%," 52,818 ",12.00%," 997,775 ",12.40%," 944,751 ",7.60%," 52,883 ",8.20%," 33,440 ",6.70%," 19,298 ",14.80%," 390,127 ",14.50%," 295,806 ",15.60%," 92,968 ",18.30%," 59,539 ",12.40%," 33,554 ",12.30%," 1,099,733 ",12.60%," 1,008,969 ",9.70%," 90,523 ",12.20%," 51,818 ",7.60%," 38,646 ",11.20%," 1,211,536 ",11.20%," 1,102,614 ",11.00%," 106,977 ",12.50%," 69,177 ",9.00%," 37,719 ",11.30%," 553,833 ",11.40%," 525,176 ",9.80%," 28,848 ",11.40%," 16,291 ",8.40%," 12,723 "
        Widowed,5.40%," 332,099 ",5.00%," 47,247 ",7.00%," 32,789 ",3.20%," 15,249 ",5.10%," 457,588 ",5.40%," 419,357 ",3.50%," 42,226 ",4.70%," 28,811 ",2.20%," 13,056 ",5.60%," 465,628 ",5.70%," 434,281 ",5.10%," 35,487 ",6.60%," 26,915 ",2.90%," 8,353 ",5.00%," 131,800 ",5.00%," 102,002 ",5.00%," 29,797 ",6.60%," 21,473 ",3.10%," 8,389 ",5.80%," 518,573 ",6.10%," 488,469 ",3.40%," 31,730 ",4.90%," 20,812 ",2.10%," 10,678 ",6.40%," 692,306 ",6.50%," 639,910 ",4.60%," 44,736 ",5.80%," 32,098 ",3.10%," 12,992 ",5.20%," 254,861 ",5.30%," 244,161 ",4.20%," 12,364 ",5.60%," 8,002 ",2.80%," 4,241 "
SCHOOL ENROLLMENT,,,,,,,,,,,,,,,,,,,,,,,,,,,,,,,,,,,,,,,,,,,,,,,,,,,,,,,,,,,,,,,,,,,,
    Population 3 years and over enrolled in school,"1,738,316",,"98,556",,"35,570",,"62,986",,"2,765,792",,"2,598,071",,"167,721",,"62,533",,"105,188",,"2,292,853",,"2,177,993",,"114,860",,"43,768",,"71,092",,"707,027",,"657,574",,"49,453",,"21,079",,"28,374",,"2,537,953",,"2,403,454",,"134,499",,"38,212",,"96,287",,"2,882,066",,"2,729,336",,"152,730",,"60,381",,"92,349",,"1,339,010",,"1,293,077",,"45,933",,"18,607",,"27,326",
"        Nursery school, preschool",4.80%," 83,439 ",1.00%, 986 ,0.30%, 107 ,1.40%, 882 ,5.90%," 163,182 ",6.10%," 158,482 ",2.40%," 4,025 ",1.20%, 750 ,3.00%," 3,156 ",5.90%," 135,278 ",6.10%," 132,858 ",2.10%," 2,412 ",0.70%, 306 ,3.00%," 2,133 ",4.70%," 33,230 ",5.00%," 32,879 ",1.10%, 544 ,0.00%, -   ,2.00%, 567 ,5.50%," 139,587 ",5.70%," 136,997 ",1.40%," 1,883 ",0.50%, 191 ,1.80%," 1,733 ",6.20%," 178,688 ",6.50%," 177,407 ",1.20%," 1,833 ",0.40%, 242 ,1.70%," 1,570 ",5.60%," 74,985 ",5.70%," 73,705 ",0.50%, 230 ,0.50%, 93 ,0.50%, 137 
        Elementary school (grades K-8),45.50%," 790,934 ",24.30%," 23,949 ",12.70%," 4,517 ",30.90%," 19,463 ",46.60%," 1,288,859 ",47.60%," 1,236,682 ",31.40%," 52,664 ",16.90%," 10,568 ",40.00%," 42,075 ",46.30%," 1,061,591 ",47.20%," 1,028,013 ",28.10%," 32,276 ",19.70%," 8,622 ",33.30%," 23,674 ",47.80%," 337,959 ",49.20%," 323,526 ",29.00%," 14,341 ",15.00%," 3,162 ",39.40%," 11,179 ",45.50%," 1,154,769 ",46.10%," 1,107,992 ",35.10%," 47,209 ",17.90%," 6,840 ",41.80%," 40,248 ",44.90%," 1,294,048 ",45.90%," 1,252,765 ",28.50%," 43,528 ",19.30%," 11,654 ",34.60%," 31,953 ",47.30%," 633,352 ",48.20%," 623,263 ",21.60%," 9,922 ",13.30%," 2,475 ",27.30%," 7,460 "
        High school (grades 9-12),23.30%," 405,028 ",19.00%," 18,726 ",20.50%," 7,292 ",18.20%," 11,463 ",23.20%," 641,664 ",23.30%," 605,351 ",22.00%," 36,899 ",21.50%," 13,445 ",22.30%," 23,457 ",22.40%," 513,599 ",22.50%," 490,048 ",19.90%," 22,857 ",24.80%," 10,854 ",16.90%," 12,015 ",24.40%," 172,515 ",24.70%," 162,421 ",19.40%," 9,594 ",13.50%," 2,846 ",23.80%," 6,753 ",21.80%," 553,274 ",21.90%," 526,356 ",18.30%," 24,613 ",18.30%," 6,993 ",18.30%," 17,621 ",22.00%," 634,055 ",22.10%," 603,183 ",19.40%," 29,630 ",17.40%," 10,506 ",20.70%," 19,116 ",22.50%," 301,277 ",22.50%," 290,942 ",21.80%," 10,013 ",30.50%," 5,675 ",15.90%," 4,345 "
        College or graduate school,26.40%," 458,915 ",55.60%," 54,797 ",66.50%," 23,654 ",49.50%," 31,178 ",24.40%," 674,853 ",23.10%," 600,154 ",44.20%," 74,133 ",60.40%," 37,770 ",34.60%," 36,395 ",25.40%," 582,385 ",24.10%," 524,896 ",49.80%," 57,200 ",54.80%," 23,985 ",46.70%," 33,200 ",23.10%," 163,323 ",21.10%," 138,748 ",50.50%," 24,974 ",71.50%," 15,071 ",34.80%," 9,874 ",27.20%," 690,323 ",26.20%," 629,705 ",45.20%," 60,794 ",63.30%," 24,188 ",38.00%," 36,589 ",26.90%," 775,276 ",25.50%," 695,981 ",50.90%," 77,740 ",62.90%," 37,980 ",43.00%," 39,710 ",24.70%," 330,735 ",23.60%," 305,166 ",56.10%," 25,768 ",55.70%," 10,364 ",56.40%," 15,412 "
EDUCATIONAL ATTAINMENT,,,,,,,,,,,,,,,,,,,,,,,,,,,,,,,,,,,,,,,,,,,,,,,,,,,,,,,,,,,,,,,,,,,,
    Population 25 years and over,"5,150,254",,"874,579",,"449,752",,"424,827",,"7,448,119",,"6,344,619",,"1,103,500",,"578,414",,"525,086",,"7,007,856",,"6,384,082",,"623,774",,"377,433",,"246,341",,"2,253,253",,"1,690,320",,"562,933",,"315,260",,"247,673",,"7,487,552",,"6,637,323",,"850,229",,"399,586",,"450,643",,"9,171,006",,"8,294,913",,"876,093",,"517,548",,"358,545",,"4,116,216",,"3,853,497",,"262,719",,"129,184",,"133,535",
        Less than high school graduate,10.60%," 545,927 ",28.20%," 246,631 ",19.90%," 89,501 ",36.90%," 156,761 ",10.70%," 796,949 ",8.50%," 539,293 ",23.10%," 254,909 ",13.00%," 75,194 ",34.30%," 180,104 ",8.00%," 560,628 ",6.70%," 427,733 ",20.50%," 127,874 ",18.10%," 68,315 ",24.30%," 59,861 ",12.30%," 277,150 ",7.10%," 120,013 ",27.80%," 156,495 ",19.40%," 61,160 ",38.40%," 95,106 ",9.40%," 703,830 ",7.50%," 497,799 ",24.70%," 210,007 ",12.20%," 48,749 ",35.80%," 161,330 ",7.80%," 715,338 ",6.70%," 555,759 ",18.70%," 163,829 ",14.30%," 74,009 ",25.10%," 89,995 ",6.30%," 259,322 ",5.20%," 200,382 ",23.60%," 62,002 ",16.40%," 21,186 ",30.60%," 40,862 "
        High school graduate (includes equivalency),23.40%," 1,205,159 ",23.50%," 205,526 ",22.00%," 98,945 ",25.10%," 106,632 ",26.30%, ` ,27.20%," 1,725,736 ",20.70%," 228,425 ",19.40%," 112,212 ",22.20%," 116,569 ",27.70%," 1,941,176 ",28.60%," 1,825,847 ",18.60%," 116,022 ",18.90%," 71,335 ",18.20%," 44,834 ",26.80%," 603,872 ",27.10%," 458,077 ",26.20%," 147,488 ",24.00%," 75,662 ",29.10%," 72,073 ",24.50%," 1,834,450 ",25.00%," 1,659,331 ",20.30%," 172,596 ",18.60%," 74,323 ",21.80%," 98,240 ",33.10%," 3,035,603 ",34.20%," 2,836,860 ",22.60%," 197,997 ",21.70%," 112,308 ",23.80%," 85,334 ",29.50%," 1,214,284 ",29.90%," 1,152,196 ",23.60%," 62,002 ",23.80%," 30,746 ",23.40%," 31,247 "
        Some college or associate's degree,32.50%," 1,673,833 ",19.40%," 169,668 ",24.30%," 109,290 ",14.30%," 60,750 ",27.70%," 2,063,129 ",29.40%," 1,865,318 ",17.60%," 194,216 ",22.30%," 128,986 ",12.50%," 65,636 ",31.60%," 2,214,482 ",33.00%," 2,106,747 ",17.60%," 109,784 ",20.30%," 76,619 ",13.40%," 33,010 ",32.20%," 725,547 ",35.60%," 601,754 ",21.90%," 123,282 ",26.20%," 82,598 ",16.40%," 40,618 ",29.30%," 2,193,853 ",30.80%," 2,044,295 ",18.10%," 153,891 ",23.90%," 95,501 ",13.00%," 58,584 ",23.80%," 2,182,699 ",24.50%," 2,032,254 ",17.00%," 148,936 ",20.00%," 103,510 ",12.80%," 45,894 ",30.40%," 1,251,330 ",31.40%," 1,209,998 ",17.00%," 44,662 ",20.40%," 26,354 ",13.70%," 18,294 "
        Bachelor's degree,20.40%," 1,050,652 ",16.80%," 146,929 ",19.60%," 88,151 ",13.80%," 58,626 ",21.30%," 1,586,449 ",21.40%," 1,357,748 ",20.80%," 229,528 ",24.20%," 139,976 ",17.10%," 89,790 ",19.90%," 1,394,563 ",19.80%," 1,264,048 ",21.00%," 130,993 ",20.70%," 78,129 ",21.50%," 52,963 ",18.70%," 421,358 ",19.70%," 332,993 ",15.80%," 88,943 ",19.70%," 62,106 ",10.70%," 26,501 ",23.00%," 1,722,137 ",23.40%," 1,553,134 ",19.10%," 162,394 ",24.20%," 96,700 ",14.60%," 65,794 ",21.00%," 1,925,911 ",20.90%," 1,733,637 ",21.50%," 188,360 ",24.10%," 124,729 ",17.70%," 63,462 ",22.20%," 913,800 ",22.50%," 867,037 ",18.50%," 48,603 ",20.30%," 26,224 ",16.70%," 22,300 "
        Graduate or professional degree,13.10%," 674,683 ",12.20%," 106,699 ",14.30%," 64,315 ",10.00%," 42,483 ",14.10%," 1,050,185 ",13.50%," 856,524 ",17.70%," 195,320 ",21.20%," 122,624 ",13.90%," 72,987 ",12.80%," 897,006 ",11.80%," 753,322 ",22.30%," 139,102 ",22.10%," 83,413 ",22.60%," 55,673 ",10.00%," 225,325 ",10.60%," 179,174 ",8.30%," 46,723 ",10.60%," 33,418 ",5.40%," 13,374 ",13.80%," 1,033,282 ",13.30%," 882,764 ",17.80%," 151,341 ",21.00%," 83,913 ",14.80%," 66,695 ",14.40%," 1,320,625 ",13.80%," 1,144,698 ",20.20%," 176,971 ",20.00%," 103,510 ",20.60%," 73,860 ",11.50%," 473,365 ",11.10%," 427,738 ",17.30%," 45,450 ",19.00%," 24,545 ",15.60%," 20,831 "
LANGUAGE SPOKEN AT HOME AND ABILITY TO SPEAK ENGLISH,,,,,,,,,,,,,,,,,,,,,,,,,,,,,,,,,,,,,,,,,,,,,,,,,,,,,,,,,,,,,,,,,,,,
    Population 5 years and over,"7,040,202",,"974,848",,"474,220",,"500,628",,"10,407,477",,"9,141,299",,"1,266,178",,"624,368",,"641,810",,"9,507,802",,"8,776,227",,"731,575",,"416,895",,"314,680",,"3,023,013",,"2,410,938",,"612,075",,"328,609",,"283,466",,"10,240,752",,"9,255,560",,"985,192",,"432,805",,"552,387",,"12,298,344",,"11,273,570",,"1,024,774",,"566,730",,"458,044",,"5,603,081",,"5,297,721",,"305,360",,"145,790",,"159,570",
        English only,74.10%," 5,216,790 ",17.40%," 169,624 ",21.70%," 102,906 ",13.30%," 66,584 ",84.30%," 8,773,503 ",93.10%," 8,510,549 ",20.90%," 264,631 ",28.70%," 179,194 ",13.20%," 84,719 ",89.50%," 8,509,483 ",95.40%," 8,372,521 ",19.00%," 138,999 ",22.00%," 91,717 ",15.10%," 47,517 ",70.00%," 2,116,109 ",84.10%," 2,027,599 ",14.70%," 89,975 ",17.40%," 57,178 ",11.60%," 32,882 ",86.20%," 8,827,528 ",93.40%," 8,644,693 ",18.50%," 182,261 ",26.90%," 116,425 ",11.80%," 65,182 ",87.00%," 10,699,559 ",93.10%," 10,495,694 ",19.70%," 201,880 ",24.40%," 138,282 ",13.90%," 63,668 ",90.70%," 5,081,994 ",94.70%," 5,016,942 ",21.90%," 66,874 ",28.10%," 40,967 ",16.30%," 26,010 "
        Language other than English,25.90%," 1,823,412 ",82.60%," 805,224 ",78.30%," 371,314 ",86.70%," 434,044 ",15.70%," 1,633,974 ",6.90%," 630,750 ",79.10%," 1,001,547 ",71.30%," 445,174 ",86.80%," 557,091 ",10.50%," 998,319 ",4.60%," 403,706 ",81.00%," 592,576 ",78.00%," 325,178 ",84.90%," 267,163 ",30.00%," 906,904 ",15.90%," 383,339 ",85.30%," 522,100 ",82.60%," 271,431 ",88.40%," 250,584 ",13.80%," 1,413,224 ",6.60%," 610,867 ",81.50%," 802,931 ",73.10%," 316,380 ",88.20%," 487,205 ",13.00%," 1,598,785 ",6.90%," 777,876 ",80.30%," 822,894 ",75.60%," 428,448 ",86.10%," 394,376 ",9.30%," 521,087 ",5.30%," 280,779 ",78.10%," 238,486 ",71.90%," 104,823 ",83.70%," 133,560 "
"            Speak English less than ""very well""",8.10%," 570,256 ",43.60%," 425,034 ",33.40%," 158,389 ",53.30%," 266,835 ",6.00%," 624,449 ",1.10%," 100,554 ",41.30%," 522,932 ",27.90%," 174,199 ",54.30%," 348,503 ",3.90%," 370,804 ",0.80%," 70,210 ",40.50%," 296,288 ",35.10%," 146,330 ",47.60%," 149,788 ",11.70%," 353,693 ",2.40%," 57,863 ",48.50%," 296,856 ",36.80%," 120,928 ",62.00%," 175,749 ",5.30%," 542,760 ",1.10%," 101,811 ",43.90%," 432,499 ",27.10%," 117,290 ",57.20%,,5.20%," 639,514 ",1.70%," 191,651 ",43.10%," 441,678 ",35.00%," 198,356 ",53.10%," 243,221 ",3.20%," 179,299 ",1.00%," 52,977 ",41.20%," 125,808 ",31.40%," 45,778 ",50.10%," 79,945 "
EMPLOYMENT STATUS,,,,,,,,,,,,,,,,,,,,,,,,,,,,,,,,,,,,,,,,,,,,,,,,,,,,,,,,,,,,,,,,,,,,
    Population 16 years and over,"6,049,109",,"940,874",,"468,006",,"472,868",,"8,818,867",,"7,618,933",,"1,199,934",,"610,744",,"589,190",,"8,186,295",,"7,494,798",,"691,497",,"405,652",,"285,845",,"2,594,279",,"2,000,024",,"594,255",,"325,151",,"269,104",,"8,792,430",,"7,866,111",,"926,319",,"422,714",,"503,605",,"10,658,635",,"9,693,557",,"965,078",,"551,469",,"413,609",,"4,822,901",,"4,530,128",,"292,773",,"142,298",,"150,475",
        In labor force,60.70%," 3,671,809 ",62.40%," 587,105 ",61.80%,,63.10%,,64.10%,,62.90%,,71.70%,,71.30%,,72.10%,,61.70%,,61.60%,,63.10%,,61.30%,,65.70%,,63.50%,,62.90%,,65.50%,,62.70%,,68.90%,,63.20%,,62.20%,,71.50%," 662,318 ",70.30%," 297,168 ",72.50%," 365,114 ",62.80%," 6,693,623 ",62.20%," 6,029,392 ",68.70%," 663,009 ",67.50%," 372,242 ",70.30%," 290,767 ",65.20%," 3,144,531 ",64.90%," 2,940,053 ",70.90%," 207,576 ",68.60%," 97,616 ",73.10%," 109,997 "
            Civilian labor force,60.30%," 3,647,613 ",62.30%," 586,165 ",61.60%,,63.00%,,63.40%,,62.20%,,71.40%,,70.80%,,72.00%,,61.70%,,61.50%,,63.10%,,61.20%,,65.70%,,62.90%,,62.10%,,65.40%,,62.50%,,68.90%,,62.00%,,61.00%,,70.70%," 654,908 ",68.90%," 291,250 ",72.20%," 363,603 ",62.70%," 6,682,964 ",62.10%," 6,019,699 ",68.70%," 663,009 ",67.50%," 372,242 ",70.30%," 290,767 ",65.20%," 3,144,531 ",64.80%," 2,935,523 ",70.90%," 207,576 ",68.60%," 97,616 ",73.10%," 109,997 "
                Employed,57.80%," 3,496,385 ",60.20%," 566,406 ",59.80%,,60.60%,,60.60%,,59.30%,,68.80%,,68.50%,,69.10%,,58.90%,,58.80%,,60.50%,,59.30%,,62.10%,,60.00%,,59.20%,,62.70%,,60.60%,,65.20%,,59.50%,,58.50%,,68.30%," 632,676 ",67.00%," 283,218 ",69.40%," 349,502 ",60.00%," 6,395,181 ",59.50%," 5,767,666 ",65.30%," 630,196 ",65.00%," 358,455 ",65.60%," 271,328 ",63.40%," 3,057,719 ",63.00%," 2,853,981 ",68.90%," 201,721 ",67.00%," 95,340 ",70.80%," 106,536 "
                Unemployed,2.60%," 157,277 ",2.10%," 19,758 ",1.80%,,2.40%,,2.80%,,2.80%,,2.60%,,2.30%,,2.90%,,2.80%,,2.80%,,2.60%,,1.90%,,3.60%,,2.90%,,2.90%,,2.80%,,2.00%,,3.70%,,2.50%,,2.50%,,2.40%," 22,232 ",1.90%," 8,032 ",2.80%," 14,101 ",2.70%," 287,783 ",2.60%," 252,032 ",3.40%," 32,813 ",2.50%," 13,787 ",4.70%," 19,440 ",1.80%," 86,812 ",1.80%," 81,542 ",1.90%," 5,563 ",1.60%," 2,277 ",2.30%," 3,461 "
                    Percent of civilian labor force,4.30%," 260,112 ",3.40%," 31,990 ",2.90%,,3.80%,,4.40%,,4.60%,,3.60%,,3.20%,,4.00%,,4.50%,,4.50%,,4.10%,,3.10%,,5.50%,,4.60%,,4.70%,,4.20%,,3.20%,,5.30%,,4.00%,,4.10%,,3.40%," 31,495 ",2.80%," 11,836 ",3.90%," 19,641 ",4.20%," 447,663 ",4.20%," 407,129 ",5.00%," 48,254 ",3.70%," 20,404 ",6.70%," 27,712 ",2.80%," 135,041 ",2.80%," 126,844 ",2.70%," 7,905 ",2.30%," 3,273 ",3.10%," 4,665 "
            Armed Forces,0.40%," 24,196 ",0.10%, 941 ,0.20%,,0.10%,,0.70%,,0.70%,,0.30%,,0.50%,,0.00%,,0.10%,,0.10%,,0.00%,,0.10%,,0.00%,,0.60%,,0.80%,,0.10%,,0.20%,,0.00%,,1.20%,,1.30%,,0.80%," 7,411 ",1.40%," 5,918 ",0.30%," 1,511 ",0.10%," 10,659 ",0.10%," 9,694 ",0.00%, -   ,0.00%, -   ,0.00%, -   ,0.10%," 4,823 ",0.10%," 4,530 ",0.00%, -   ,0.00%, -   ,0.00%, -   
        Not in labor force,39.30%," 2,377,300 ",37.60%," 353,769 ",38.20%,,36.90%,,35.90%,,37.10%,,28.30%,,28.70%,,27.90%,,38.30%,,38.40%,,36.90%,,38.70%,,34.30%,,36.50%,,37.10%,,34.50%,,37.30%,,31.10%,,36.80%,,37.80%,,28.50%," 264,001 ",29.70%," 125,546 ",27.50%," 138,491 ",37.20%," 3,965,012 ",37.80%," 3,664,165 ",31.30%," 302,069 ",32.50%," 179,227 ",29.70%," 122,842 ",34.80%," 1,678,370 ",35.10%," 1,590,075 ",29.10%," 85,197 ",31.40%," 44,682 ",26.90%," 40,478 "
Civilian employed population 16 years and over,"3,493,543",,"566,291",,"279,672",,"286,619",,"5,346,554",,"4,520,775",,"825,779",,"418,373",,"407,406",,"4,822,997",,"4,404,741",,"418,256",,"240,732",,"177,524",,"1,556,587",,"1,184,168",,"372,419",,"196,882",,"175,537",,"5,230,146",,"4,597,779",,"632,367",,"283,068",,"349,299",,"6,400,011",,"5,770,169",,"629,842",,"358,494",,"271,348",,"3,056,531",,"2,854,686",,"201,845",,"95,334",,"106,511",
    CLASS OF WORKER,,,,,,,,,,,,,,,,,,,,,,,,,,,,,,,,,,,,,,,,,,,,,,,,,,,,,,,,,,,,,,,,,,,,
        Private wage and salary workers,79.60%," 2,780,860 ",79.50%," 450,201 ",79.30%,,79.80%,,80.00%,,79.50%,,82.80%,,81.50%,,84.10%,,83.30%,,82.90%,,87.20%,,84.90%,,90.30%,,82.00%,,81.40%,,84.10%,,80.80%,,87.80%,,80.50%,,80.10%,,83.80%,,81.60%,,85.50%,,83.70%,,83.30%,,87.30%,,85.90%,,89.30%,,82.30%,,82.20%,,83.80%,,82.00%,,85.50%,
        Government workers,14.00%," 489,096 ",10.50%," 59,461 ",13.00%,,8.10%,,14.00%,,15.20%,,7.50%,,9.90%,,5.10%,,11.50%,,11.90%,,6.90%,,8.00%,,5.60%,,12.20%,,13.40%,,8.20%,,11.40%,,4.70%,,13.60%,,14.30%,,8.50%,,11.60%,,6.00%,,11.10%,,11.70%,,6.00%,,7.30%,,4.30%,,12.80%,,12.90%,,11.00%,,13.50%,,8.70%,
        Self-employed workers in own not incorporated business,6.20%," 216,600 ",9.60%," 54,364 ",7.60%,,11.60%,,5.70%,,5.10%,,9.30%,,8.30%,,10.30%,,5.10%,,5.10%,,5.60%,,6.80%,,4.00%,,5.50%,,4.90%,,7.50%,,7.60%,,7.40%,,5.70%,,5.50%,,7.50%,,6.70%,,8.10%,,5.00%,,4.90%,,6.40%,,6.60%,,6.10%,,4.70%,,4.70%,,5.00%,,4.20%,,5.70%,
        Unpaid family workers,0.20%," 6,987 ",0.30%," 1,699 ",0.10%,,0.50%,,0.20%,,0.20%,,0.40%,,0.30%,,0.40%,,0.20%,,0.10%,,0.20%,,0.30%,,0.10%,,0.30%,,0.30%,,0.20%,,0.20%,,0.20%,,0.20%,,0.20%,,0.20%,,0.10%,,0.30%,,0.20%,,0.10%,,0.30%,,0.20%,,0.30%,,0.20%,,0.20%,,0.20%,,0.30%,,0.10%,
    OCCUPATION,,,,,,,,,,,,,,,,,,,,,,,,,,,,,,,,,,,,,,,,,,,,,,,,,,,,,,,,,,,,,,,,,,,,
"        Management, business, science, and arts occupations",42.10%," 1,470,782 ",34.20%," 193,672 ",41.50%,,27.10%,,42.30%,,42.60%,,40.50%,,49.80%,,30.90%,,40.80%,,40.10%,,47.70%,,49.50%,,45.30%,,35.00%,,38.60%,,23.70%,,29.70%,,17.00%,,43.60%,,44.00%,,40.40%,,50.00%,,32.60%,,43.40%,,43.40%,,42.60%,,45.60%,,38.60%,,41.20%,,41.50%,,37.00%,,41.10%,,33.40%,
        Service occupations,16.80%," 586,915 ",22.20%," 125,717 ",17.90%,,26.40%,,15.10%,,14.70%,,17.00%,,13.60%,,20.50%,,15.90%,,16.10%,,13.90%,,13.70%,,14.30%,,21.60%,,18.60%,,31.20%,,29.20%,,33.60%,,15.40%,,15.20%,,16.80%,,14.10%,,19.10%,,16.30%,,15.90%,,19.90%,,19.50%,,20.40%,,14.70%,,14.40%,,18.00%,,15.70%,,20.20%,
        Sales and office occupations,20.90%," 730,150 ",14.20%," 80,413 ",17.20%,,11.30%,,20.40%,,21.60%,,13.50%,,16.70%,,10.10%,,19.40%,,20.10%,,12.70%,,14.90%,,9.70%,,20.70%,,22.10%,,15.90%,,18.40%,,13.10%,,18.80%,,19.90%,,11.10%,,14.80%,,8.20%,,18.40%,,19.10%,,11.90%,,13.30%,,10.10%,,18.40%,,18.80%,,12.10%,,14.30%,,10.20%,
"        Natural resources, construction, and maintenance occupations",8.90%," 310,925 ",15.00%," 84,944 ",8.60%,,21.20%,,8.20%,,7.10%,,14.20%,,6.00%,,22.60%,,7.90%,,7.90%,,8.00%,,6.00%,,10.70%,,8.80%,,7.80%,,12.00%,,6.60%,,18.00%,,8.60%,,7.40%,,16.90%,,5.80%,,25.90%,,7.80%,,7.80%,,7.90%,,5.10%,,11.70%,,8.70%,,8.70%,,8.30%,,5.20%,,11.20%,
"        Production, transportation, and material moving occupations",11.30%," 394,770 ",14.40%," 81,546 ",14.80%,,14.00%,,14.10%,,13.90%,,14.80%,,13.80%,,15.80%,,16.00%,,15.90%,,17.70%,,16.00%,,20.00%,,13.90%,,12.90%,,17.20%,,16.10%,,18.30%,,13.60%,,13.50%,,14.70%,,15.40%,,14.20%,,14.20%,,13.80%,,17.60%,,16.40%,,19.20%,,17.10%,,16.60%,,24.40%,,23.80%,,25.00%,
    INDUSTRY,,,,,,,,,,,,,,,,,,,,,,,,,,,,,,,,,,,,,,,,,,,,,,,,,,,,,,,,,,,,,,,,,,,,
"        Agriculture, forestry, fishing and hunting, and mining",1.20%," 41,923 ",1.60%," 9,061 ",0.80%,,2.30%,,1.00%,,1.00%,,1.30%,,0.50%,,2.20%,,1.20%,,1.20%,,1.10%,,0.50%,,2.00%,,1.50%,,1.70%,,0.70%,,1.00%,,0.40%,,1.00%,,0.90%,,1.50%,,0.60%,,2.30%,,1.20%,,1.20%,,1.60%,,0.50%,,3.10%,,2.00%,,1.90%,,2.90%,,1.00%,,4.70%,
        Construction,7.90%," 275,990 ",13.20%," 74,750 ",7.40%,,18.90%,,7.10%,,5.90%,,13.90%,,6.20%,,21.70%,,6.00%,,6.00%,,6.00%,,4.30%,,8.50%,,7.60%,,6.40%,,11.20%,,5.80%,,17.20%,,7.30%,,6.00%,,16.20%,,5.80%,,24.60%,,6.20%,,6.20%,,6.10%,,4.00%,,8.90%,,6.50%,,6.60%,,5.30%,,3.30%,,7.10%,
        Manufacturing,7.60%," 265,509 ",10.20%," 57,762 ",10.60%,,9.80%,,9.60%,,9.30%,,10.90%,,10.30%,,11.60%,,18.20%,,17.40%,,25.90%,,22.70%,,30.20%,,5.40%,,5.50%,,5.10%,,4.20%,,6.20%,,11.70%,,11.50%,,13.50%,,13.80%,,13.20%,,11.40%,,11.30%,,12.10%,,11.90%,,12.50%,,18.20%,,17.70%,,24.00%,,24.00%,,24.10%,
        Wholesale trade,1.80%," 62,884 ",1.80%," 10,193 ",1.50%,,2.10%,,2.30%,,2.20%,,2.50%,,2.10%,,2.80%,,1.90%,,1.90%,,1.70%,,1.80%,,1.60%,,1.80%,,1.90%,,1.60%,,1.20%,,2.00%,,1.90%,,1.90%,,1.60%,,1.80%,,1.40%,,2.10%,,2.10%,,2.10%,,1.70%,,2.50%,,2.10%,,2.20%,,1.30%,,1.20%,,1.40%,
        Retail trade,11.50%," 401,757 ",8.50%," 48,135 ",9.60%,,7.40%,,11.10%,,11.40%,,9.30%,,11.00%,,7.50%,,10.90%,,11.10%,,8.60%,,9.80%,,6.90%,,10.90%,,11.50%,,9.00%,,9.30%,,8.70%,,10.90%,,11.40%,,7.10%,,8.70%,,5.70%,,10.90%,,11.10%,,8.30%,,8.30%,,8.30%,,10.90%,,11.10%,,7.20%,,7.30%,,7.10%,
"        Transportation and warehousing, and utilities",5.80%," 202,625 ",5.90%," 33,411 ",6.80%,,5.00%,,7.30%,,7.50%,,6.10%,,6.80%,,5.30%,,4.70%,,4.70%,,4.90%,,5.50%,,4.10%,,8.00%,,7.90%,,8.60%,,9.50%,,7.50%,,5.40%,,5.50%,,4.40%,,6.60%,,2.50%,,6.30%,,6.00%,,8.80%,,9.30%,,8.20%,,4.90%,,4.90%,,4.90%,,5.60%,,4.30%,
        Information,1.70%," 59,390 ",1.10%," 6,229 ",1.10%,,1.10%,,2.20%,,2.30%,,1.60%,,2.40%,,0.80%,,1.20%,,1.30%,,0.80%,,0.60%,,1.10%,,1.60%,,1.80%,,0.80%,,0.90%,,0.70%,,1.50%,,1.60%,,1.00%,,1.30%,,0.80%,,1.60%,,1.60%,,1.40%,,1.20%,,1.70%,,1.20%,,1.20%,,1.20%,,1.80%,,0.60%,
"        Finance and insurance, and real estate and rental and leasing",8.80%," 307,432 ",5.90%," 33,411 ",7.90%,,3.90%,,6.50%,,6.70%,,5.20%,,7.30%,,3.00%,,5.70%,,5.90%,,4.10%,,5.10%,,2.80%,,5.80%,,6.30%,,3.90%,,4.90%,,2.80%,,7.20%,,7.30%,,6.70%,,9.20%,,4.70%,,6.20%,,6.30%,,5.40%,,6.40%,,4.00%,,6.00%,,6.20%,,3.60%,,4.60%,,2.70%,
"        Professional, scientific, and management, and administrative and waste management services",12.60%," 440,186 ",14.10%," 79,847 ",11.50%,,16.60%,,13.80%,,13.30%,,16.60%,,16.10%,,17.00%,,10.50%,,10.40%,,12.20%,,12.10%,,12.50%,,12.60%,,13.00%,,11.40%,,8.90%,,14.30%,,13.00%,,12.60%,,16.10%,,14.20%,,17.70%,,11.50%,,11.30%,,14.10%,,12.10%,,16.60%,,9.90%,,9.70%,,11.70%,,8.50%,,14.50%,
"        Educational services, and health care and social assistance",22.30%," 779,060 ",20.50%," 116,090 ",25.40%,,15.70%,,21.00%,,21.80%,,16.20%,,20.40%,,11.90%,,23.00%,,23.20%,,20.90%,,23.90%,,17.00%,,16.50%,,17.40%,,13.90%,,18.90%,,8.30%,,22.50%,,23.30%,,16.40%,,23.00%,,11.00%,,26.30%,,26.40%,,25.70%,,29.90%,,20.20%,,23.30%,,23.50%,,21.50%,,26.60%,,17.00%,
"        Arts, entertainment, and recreation, and accommodation and food services",9.50%," 331,887 ",8.50%," 48,135 ",7.10%,,9.80%,,8.60%,,8.70%,,8.10%,,7.20%,,8.90%,,8.70%,,8.80%,,7.50%,,6.40%,,8.90%,,20.00%,,17.80%,,27.20%,,28.00%,,26.30%,,8.70%,,8.70%,,8.50%,,6.90%,,9.70%,,7.80%,,7.80%,,7.40%,,6.90%,,8.00%,,7.20%,,7.10%,,8.80%,,7.20%,,10.30%,
        Other services (except public administration),4.60%," 160,703 ",5.80%," 32,845 ",5.60%,,6.00%,,4.90%,,4.60%,,6.40%,,6.40%,,6.30%,,4.50%,,4.40%,,4.70%,,5.10%,,4.00%,,4.20%,,4.00%,,4.50%,,4.50%,,4.50%,,5.00%,,4.90%,,5.10%,,4.80%,,5.40%,,4.50%,,4.50%,,5.20%,,5.10%,,5.30%,,4.20%,,4.10%,,5.20%,,6.10%,,4.30%,
        Public administration,4.80%," 167,690 ",2.90%," 16,422 ",4.50%,,1.40%,,4.70%,,5.20%,,2.10%,,3.20%,,0.90%,,3.60%,,3.80%,,1.40%,,2.20%,,0.40%,,4.10%,,4.70%,,2.10%,,3.10%,,1.00%,,4.10%,,4.40%,,2.00%,,3.40%,,0.90%,,3.90%,,4.10%,,1.80%,,2.60%,,0.80%,,3.60%,,3.70%,,2.30%,,2.70%,,1.90%,
"EARNINGS IN THE PAST 12 MONTHS (IN 2023 INFLATION-ADJUSTED DOLLARS) FOR FULL-TIME, YEAR-ROUND WORKERS",,,,,,,,,,,,,,,,,,,,,,,,,,,,,,,,,,,,,,,,,,,,,,,,,,,,,,,,,,,,,,,,,,,,
    Population 16 years and over with earnings,"2,591,674",,"434,352",,"220,084",,"214,268",,"4,083,958",,"3,444,551",,"639,407",,"331,263",,"308,144",,"3,402,751",,"3,098,176",,"304,575",,"174,562",,"130,013",,"1,156,438",,"876,295",,"280,143",,"148,498",,"131,645",,"3,965,320",,"3,475,209",,"490,111",,"226,986",,"263,125",,"4,677,391",,"4,206,060",,"471,331",,"281,444",,"189,887",,"2,214,478",,"2,063,610",,"150,868",,"71,281",,"79,587",
"        $1 to $9,999 or loss",1.60%," 41,467 ",1.40%," 6,081 ",1.10%,,1.60%,,1.80%,,1.80%,,1.70%,,1.60%,,1.80%,,1.50%,,1.50%,,1.40%,,1.20%,,1.70%,,1.60%,,1.60%,,1.70%,,1.20%,,2.20%,,1.50%,,1.50%,,1.40%,,1.20%,,1.60%,,1.40%,,1.40%,,2.00%,,1.50%,,2.90%,,1.50%,,1.50%,,1.40%,,1.30%,,1.40%,
"        $10,000 to $14,999",1.70%," 44,058 ",2.00%," 8,687 ",1.60%,,2.40%,,2.30%,,2.30%,,2.00%,,1.50%,,2.60%,,1.50%,,1.40%,,1.90%,,1.40%,,2.60%,,1.90%,,1.90%,,2.10%,,1.60%,,2.70%,,1.80%,,1.70%,,2.10%,,1.90%,,2.30%,,1.60%,,1.50%,,2.40%,,2.00%,,2.90%,,1.40%,,1.40%,,1.70%,,1.30%,,2.00%,
"        $15,000 to $24,999",5.40%," 139,950 ",7.30%," 31,708 ",5.80%,,8.80%,,7.80%,,7.50%,,9.60%,,7.60%,,11.80%,,5.50%,,5.40%,,6.60%,,6.80%,,6.20%,,6.50%,,5.90%,,8.50%,,5.30%,,12.10%,,7.00%,,6.60%,,10.00%,,5.10%,,14.20%,,5.10%,,4.80%,,7.20%,,5.40%,,9.90%,,4.20%,,4.10%,,6.50%,,4.60%,,8.10%,
"        $25,000 to $34,999",10.70%," 277,309 ",15.90%," 69,062 ",11.40%,,20.50%,,12.00%,,11.60%,,13.80%,,10.40%,,17.40%,,11.40%,,11.30%,,11.80%,,9.70%,,14.70%,,12.80%,,11.30%,,17.40%,,12.40%,,23.00%,,13.10%,,12.40%,,17.80%,,11.30%,,23.50%,,10.10%,,9.90%,,11.70%,,9.60%,,14.80%,,9.90%,,9.50%,,14.40%,,10.30%,,18.10%,
"        $35,000 to $49,999",20.90%," 541,660 ",22.70%," 98,598 ",21.40%,,23.90%,,19.90%,,19.70%,,20.90%,,17.60%,,24.60%,,20.00%,,20.30%,,17.40%,,16.90%,,18.10%,,22.20%,,20.90%,,26.10%,,25.60%,,26.70%,,20.80%,,20.80%,,20.30%,,19.80%,,20.70%,,19.60%,,19.60%,,19.60%,,19.00%,,20.40%,,20.80%,,20.70%,,21.50%,,20.50%,,22.40%,
"        $50,000 to $74,999",25.50%," 660,877 ",22.90%," 99,467 ",24.10%,,21.60%,,23.90%,,24.70%,,20.00%,,23.30%,,16.40%,,25.90%,,26.50%,,19.60%,,20.00%,,19.00%,,25.00%,,25.70%,,23.00%,,25.90%,,19.70%,,24.20%,,25.10%,,18.00%,,21.60%,,14.90%,,26.30%,,26.80%,,21.20%,,22.80%,,19.00%,,30.30%,,30.80%,,24.20%,,25.30%,,23.30%,
"        $75,000 or more",34.20%," 886,353 ",27.90%," 121,184 ",34.60%,,21.10%,,32.40%,,32.50%,,31.90%,,38.00%,,25.40%,,34.10%,,33.40%,,41.30%,,43.90%,,37.70%,,30.00%,,32.80%,,21.20%,,28.00%,,13.60%,,31.70%,,31.90%,,30.40%,,39.00%,,22.90%,,35.90%,,35.90%,,35.80%,,39.70%,,30.10%,,31.80%,,31.90%,,30.30%,,36.60%,,24.60%,
"        Median earnings (dollars) for full-time, year-round workers",,,,,,,,,,,,,,,,,,,,,,,,,,,,,,,,,,,,,,,,,,,,,,,,,,,,,,,,,,,,,,,,,,,,
            Male,"61,531",,"52,062",,"61,560",,"48,735",,"60,507",,"60,960",,"53,422",,"66,811",,"45,053",,"62,426",,"62,256",,"70,444",,"74,663",,"61,543",,"57,351",,"61,449",,"46,972",,"53,440",,"40,719",,"57,845",,"59,826",,"50,848",,"66,435",,"41,698",,"64,775",,"65,127",,"61,702",,"70,029",,"52,335",,"62,208",,"62,455",,"54,987",,"62,275",,"51,031",
            Female,"51,532",,"43,081",,"50,232",,"37,029",,"49,871",,"50,242",,"46,043",,"52,107",,"38,337",,"50,990",,"50,919",,"52,132",,"57,719",,"45,077",,"48,602",,"50,756",,"41,894",,"49,322",,"36,361",,"50,254",,"50,625",,"43,270",,"52,082",,"34,084",,"52,407",,"52,941",,"49,751",,"51,935",,"42,174",,"51,518",,"51,732",,"45,676",,"51,221",,"41,089",
INCOME IN THE PAST 12 MONTHS (IN 2023 INFLATION-ADJUSTED DOLLARS),,,,,,,,,,,,,,,,,,,,,,,,,,,,,,,,,,,,,,,,,,,,,,,,,,,,,,,,,,,,,,,,,,,,
    Households,"2,907,014",,"438,315",,"244,601",,"193,714",,"4,150,138",,"3,605,612",,"544,526",,"309,329",,"235,197",,"4,107,809",,"3,791,077",,"316,732",,"200,345",,"116,387",,"1,224,685",,"959,393",,"265,292",,"163,446",,"101,846",,"4,392,669",,"3,961,236",,"431,433",,"218,423",,"213,010",,"5,324,209",,"4,866,049",,"458,160",,"287,189",,"170,971",,"2,495,539",,"2,361,698",,"133,841",,"69,934",,"63,907",
        With earnings,74.90%," 2,177,353 ",83.00%," 363,801 ",78.50%,,88.60%,,79.30%,,77.60%,,90.60%,,87.50%,,94.60%,,74.30%,,73.60%,,82.20%,,77.50%,,90.30%,,78.50%,,76.30%,,86.30%,,82.60%,,92.30%,,77.20%,,75.80%,,90.20%,,86.20%,,94.30%,,75.20%,,74.30%,,85.00%,,81.60%,,90.80%,,76.40%,,75.80%,,87.70%,,83.10%,,92.80%,
            Mean earnings (dollars),"107,562",,"105,060",,"118,095",,"90,471",,"105,623",,"104,545",,"111,740",,"123,893",,"96,968",,"97,574",,"96,513",,"108,948",,"116,562",,"97,695",,"102,051",,"104,192",,"95,207",,"105,653",,"80,206",,"99,781",,"99,040",,"105,495",,"126,388",,"85,913",,"106,559",,"105,672",,"114,790",,"127,053",,"96,267",,"99,892",,"99,711",,"102,653",,"118,303",,"87,311",
        With Social Security income,33.70%," 979,664 ",24.50%," 107,387 ",34.00%,,12.50%,,29.40%,,31.60%,,15.30%,,22.60%,,5.70%,,34.80%,,35.80%,,23.10%,,31.00%,,9.50%,,30.60%,,32.60%,,23.50%,,32.10%,,9.80%,,31.70%,,33.60%,,14.40%,,24.20%,,4.30%,,34.90%,,36.20%,,21.00%,,28.20%,,8.80%,,32.30%,,33.20%,,16.70%,,26.00%,,6.60%,
            Mean Social Security income (dollars),"24,754",,"20,535",,"21,222",,"18,173",,"22,588",,"22,763",,"20,193",,"21,030",,"15,820",,"24,393",,"24,490",,"22,598",,"22,935",,"20,709",,"23,160",,"23,778",,"20,067",,"20,720",,"16,644",,"23,592",,"23,648",,"22,376",,"23,260",,"17,266",,"24,059",,"24,210",,"21,303",,"21,869",,"18,257",,"24,618",,"24,686",,"22,247",,"23,263",,"17,894",
        With Supplemental Security Income,4.20%," 122,095 ",4.10%," 17,971 ",5.40%,,2.40%,,5.20%,,5.50%,,2.80%,,3.40%,,2.00%,,5.70%,,5.80%,,5.30%,,7.20%,,1.90%,,4.40%,,4.30%,,4.80%,,5.10%,,4.20%,,4.60%,,4.80%,,2.90%,,3.90%,,1.90%,,5.70%,,5.70%,,5.70%,,7.10%,,3.40%,,4.20%,,4.20%,,3.70%,,5.30%,,1.90%,
            Mean Supplemental Security Income (dollars),"11,481",,"10,769",,"9,571",,"14,088",,"10,850",,"10,975",,"9,229",,"9,115",,"9,483",,"11,136",,"11,144",,"11,024",,"11,266",,"9,412",,"10,636",,"10,924",,"9,710",,"8,536",,"12,021",,"10,643",,"10,623",,"10,949",,"10,697",,"11,479",,"10,919",,"10,991",,"10,160",,"10,063",,"10,498",,"11,522",,"11,516",,"11,648",,"12,082",,"10,313",
        With cash public assistance income,1.70%," 49,419 ",2.00%," 8,766 ",2.70%,,1.20%,,1.70%,,1.70%,,1.40%,,1.80%,,0.80%,,2.50%,,2.40%,,2.80%,,3.00%,,2.60%,,2.80%,,2.80%,,2.80%,,3.10%,,2.30%,,1.60%,,1.60%,,1.40%,,1.60%,,1.10%,,3.20%,,3.10%,,4.00%,,4.10%,,3.80%,,1.80%,,1.80%,,3.20%,,4.30%,,2.00%,
            Mean cash public assistance income (dollars),"3,300",,"2,770",,"2,517",,"3,476",,"2,949",,"2,870",,"3,597",,"2,609",,"6,416",,"2,534",,"2,568",,"2,177",,"2,173",,"2,184",,"3,014",,"3,017",,"3,004",,"2,550",,"3,985",,"3,432",,"3,484",,"2,875",,"3,771",,"1,530",,"2,622",,"2,590",,"2,885",,"2,492",,"3,602",,"3,462",,"3,158",,"6,433",,"7,354",,"4,292",
        With retirement income,26.20%," 761,638 ",15.40%," 67,501 ",21.40%,,7.80%,,22.50%,,24.10%,,11.70%,,17.60%,,4.10%,,27.80%,,28.80%,,15.10%,,19.40%,,7.60%,,24.70%,,27.40%,,15.10%,,20.80%,,6.00%,,24.90%,,26.40%,,11.10%,,17.70%,,4.50%,,27.20%,,28.50%,,14.00%,,18.40%,,6.60%,,26.80%,,27.70%,,11.00%,,17.40%,,4.00%,
            Mean retirement income (dollars),"31,625",,"25,989",,"25,629",,"27,227",,"29,035",,"29,511",,"22,545",,"23,119",,"19,278",,"27,004",,"27,131",,"24,093",,"25,374",,"18,489",,"34,775",,"35,770",,"28,275",,"30,326",,"16,926",,"28,207",,"28,224",,"27,840",,"29,976",,"19,180",,"27,442",,"27,503",,"26,130",,"27,745",,"18,533",,"28,255",,"28,334",,"24,735",,"26,324",,"17,166",
        With Food Stamp/SNAP benefits,10.10%," 293,608 ",13.80%," 60,487 ",13.40%,,14.20%,,12.40%,,12.90%,,8.90%,,7.90%,,10.20%,,14.00%,,13.80%,,15.80%,,18.20%,,11.80%,,13.10%,,12.60%,,14.60%,,13.90%,,15.70%,,12.60%,,12.70%,,11.90%,,9.70%,,14.10%,,14.90%,,14.50%,,19.40%,,19.20%,,19.70%,,11.40%,,11.20%,,15.90%,,14.80%,,17.20%,
        Median Household income (dollars),"77,315",,"73,361",,"81,347",,"62,468",,"74,632",,"73,517",,"81,339",,"90,642",,"70,585",,"69,183",,"68,753",,"74,353",,"74,739",,"73,698",,"76,364",,"77,994",,"70,748",,"80,422",,"60,717",,"70,804",,"70,520",,"73,463",,"88,830",,"60,814",,"73,824",,"73,674",,"75,542",,"81,073",,"65,567",,"74,631",,"74,797",,"71,070",,"83,380",,"60,558",
        Average number of workers per household,1.18,,1.43,,1.35,,1.52,,1.26,,1.22,,1.56,,1.53,,1.6,,1.14,,1.13,,1.33,,1.3,,1.38,,1.26,,1.18,,1.54,,1.45,,1.69,,1.18,,1.14,,1.49,,1.42,,1.57,,1.17,,1.15,,1.37,,1.34,,1.4,,1.2,,1.18,,1.49,,1.46,,1.51,
POVERTY STATUS IN THE PAST 12 MONTHS,,,,,,,,,,,,,,,,,,,,,,,,,,,,,,,,,,,,,,,,,,,,,,,,,,,,,,,,,,,,,,,,,,,,
    Population for whom poverty status is determined,"7,274,129",,"970,789",,"470,639",,"500,150",,"10,765,238",,"9,502,935",,"1,262,303",,"620,864",,"641,439",,"9,827,315",,"9,098,904",,"728,411",,"415,783",,"312,628",,"3,154,850",,"2,544,207",,"610,643",,"328,590",,"282,053",,"10,549,944",,"9,570,162",,"979,782",,"428,552",,"551,230",,"12,535,767",,"11,524,091",,"1,011,676",,"561,916",,"449,760",,"5,781,514",,"5,478,559",,"302,955",,"144,709",,"158,246",
        Below 100 percent of the poverty level,12.40%," 901,992 ",15.40%,,10.20%,,20.30%,,13.60%,,13.60%,,13.20%,,8.70%,,17.60%,,13.50%,,13.20%,,17.20%,,14.50%,,20.80%,,12.00%,,12.00%,,12.00%,,9.10%,,15.20%,,12.80%,,12.70%,,13.60%,,8.70%,,17.50%,,12.00%,,11.70%,,15.40%,,10.80%,,21.20%,,10.70%,,10.50%,,14.60%,,10.10%,,18.70%,
        100 to 199 percent of the poverty level,16.30%," 1,185,683 ",20.40%,,16.30%,,24.30%,,16.80%,,16.50%,,19.20%,,14.60%,,23.60%,,15.90%,,15.70%,,17.70%,,18.30%,,16.90%,,17.70%,,17.00%,,20.30%,,16.30%,,25.10%,,17.20%,,16.80%,,21.50%,,15.70%,,26.10%,,15.30%,,15.10%,,17.40%,,15.30%,,20.00%,,14.40%,,14.20%,,19.20%,,14.00%,,24.00%,
        At or above 200 percent of the poverty level,71.20%," 5,179,180 ",64.20%,,73.50%,,55.40%,,69.60%,,69.90%,,67.60%,,76.70%,,58.80%,,70.60%,,71.10%,,65.10%,,67.10%,,62.40%,,70.30%,,71.00%,,67.70%,,74.60%,,59.70%,,70.00%,,70.50%,,64.80%,,75.60%,,56.50%,,72.80%,,73.30%,,67.20%,,74.00%,,58.80%,,74.90%,,75.40%,,66.20%,,75.90%,,57.30%,
    POVERTY RATES FOR FAMILIES FOR WHOM POVERTY STATUS IS DETERMINED,,,,,,,,,,,,,,,,,,,,,,,,,,,,,,,,,,,,,,,,,,,,,,,,,,,,,,,,,,,,,,,,,,,,
        All families,8.70%," 632,849 ",14.30%,,9.40%,,20.40%,,9.80%,,9.50%,,11.60%,,7.90%,,16.30%,,9.20%,,8.60%,,14.40%,,13.70%,,15.60%,,8.60%,,8.00%,,10.30%,,7.20%,,15.10%,,9.10%,,8.50%,,13.20%,,7.90%,,18.50%,,8.30%,,7.70%,,13.80%,,9.60%,,21.20%,,6.60%,,6.30%,,11.30%,,7.90%,,15.10%,
            With related children of the householder under 18 years,12.80%," 931,089 ",19.10%,,12.80%,,24.90%,,15.10%,,15.00%,,15.30%,,10.10%,,20.30%,,14.40%,,14.00%,,17.50%,,15.80%,,19.90%,,13.20%,,12.80%,,14.20%,,8.20%,,20.60%,,14.60%,,14.00%,,17.90%,,11.10%,,22.90%,,13.30%,,12.70%,,17.20%,,11.70%,,24.60%,,10.80%,,10.40%,,14.50%,,10.50%,,17.90%,
            With related children of the householder under 5 years only,11.10%," 807,428 ",15.00%,,13.90%,,16.00%,,13.50%,,14.30%,,9.00%,,5.10%,,12.10%,,12.00%,,12.20%,,10.80%,,16.70%,,5.20%,,13.20%,,13.00%,,13.90%,,7.20%,,21.60%,,12.00%,,12.30%,,10.10%,,5.90%,,13.00%,,12.00%,,11.70%,,14.20%,,7.80%,,21.70%,,10.50%,,10.20%,,14.00%,,N,,19.60%,
        Married-couple family,5.10%," 370,981 ",9.80%,,6.80%,,14.10%,,4.90%,,4.10%,,9.20%,,5.50%,,14.10%,,4.70%,,3.80%,,13.00%,,13.60%,,11.80%,,4.80%,,3.90%,,7.70%,,5.80%,,11.10%,,4.70%,,4.10%,,9.50%,,6.60%,,12.80%,,4.10%,,3.40%,,10.30%,,7.90%,,15.40%,,3.30%,,3.00%,,8.30%,,6.20%,,11.10%,
            With related children of the householder under 18 years,6.10%," 443,722 ",11.70%,,8.20%,,15.40%,,6.40%,,5.00%,,11.20%,,5.50%,,17.10%,,5.80%,,4.40%,,14.60%,,14.70%,,14.40%,,5.80%,,4.00%,,9.90%,,5.30%,,15.30%,,6.30%,,5.00%,,12.20%,,8.20%,,15.40%,,4.80%,,3.70%,,11.50%,,8.70%,,15.90%,,3.70%,,3.00%,,10.10%,,7.10%,,13.00%,
            With related children of the householder under 5 years only,5.10%," 370,981 ",10.60%,,12.50%,,8.90%,,3.80%,,3.20%,,6.20%,,1.90%,,9.60%,,2.90%,,1.80%,,10.70%,,16.40%,,5.60%,,4.50%,,3.40%,,8.50%,,N,,19.30%,,3.80%,,3.50%,,6.30%,,3.20%,,8.50%,,3.90%,,3.30%,,8.40%,,6.00%,,11.50%,,2.60%,,2.10%,,9.40%,,N,,14.80%,
"        Female householder, no spouse present, family",21.40%," 1,556,664 ",29.20%,,20.10%,,38.70%,,24.60%,,24.50%,,25.50%,,18.90%,,34.40%,,25.10%,,25.10%,,24.90%,,16.20%,,42.90%,,20.40%,,20.70%,,19.40%,,12.00%,,31.30%,,24.10%,,23.50%,,29.00%,,14.00%,,41.90%,,24.10%,,23.80%,,26.10%,,16.80%,,39.70%,,22.40%,,22.50%,,20.30%,,16.40%,,23.20%,
            With related children of the householder under 18 years,28.30%," 2,058,579 ",38.50%,,30.20%,,44.70%,,34.00%,,33.70%,,35.70%,,29.40%,,41.80%,,35.10%,,35.00%,,38.00%,,28.50%,,48.80%,,29.40%,,29.70%,,28.70%,,17.40%,,41.00%,,34.40%,,33.80%,,39.50%,,22.60%,,49.70%,,33.30%,,33.20%,,34.10%,,22.00%,,47.10%,,30.60%,,31.00%,,25.90%,,22.80%,,27.50%,
            With related children of the householder under 5 years only,27.00%," 1,964,015 ",26.00%,,25.00%,,26.90%,,37.70%,,37.30%,,43.00%,,33.60%,,52.60%,,37.50%,,37.90%,,19.00%,,28.80%,,N,,34.20%,,35.30%,,31.20%,,N,,31.10%,,40.30%,,41.10%,,32.80%,,N,,43.60%,,34.40%,,34.50%,,33.50%,,16.80%,,56.30%,,36.20%,,35.80%,,48.70%,,N,,88.10%,
Occupied housing units,"2,907,014",,"438,315",,"244,601",,"193,714",,"4,150,138",,"3,605,612",,"544,526",,"309,329",,"235,197",,"4,107,809",,"3,791,077",,"316,732",,"200,345",,"116,387",,"1,224,685",,"959,393",,"265,292",,"163,446",,"101,846",,"4,392,669",,"3,961,236",,"431,433",,"218,423",,"213,010",,"5,324,209",,"4,866,049",,"458,160",,"287,189",,"170,971",,"2,495,539",,"2,361,698",,"133,841",,"69,934",,"63,907",
    HOUSING TENURE,,,,,,,,,,,,,,,,,,,,,,,,,,,,,,,,,,,,,,,,,,,,,,,,,,,,,,,,,,,,,,,,,,,,
        Owner-occupied housing units,67.70%," 1,968,048 ",63.80%,,77.20%,,46.90%,,66.10%,,66.50%,,63.30%,,76.80%,,45.50%,,73.70%,,74.30%,,66.50%,,78.40%,,45.90%,,60.40%,,60.60%,,59.80%,,71.90%,,40.30%,,66.30%,,67.20%,,58.60%,,74.90%,,41.90%,,69.50%,,70.50%,,58.40%,,70.70%,,37.70%,,67.90%,,68.60%,,56.50%,,71.30%,,40.30%,
        Renter-occupied housing units,32.30%," 938,966 ",36.20%,,22.80%,,53.10%,,33.90%,,33.50%,,36.70%,,23.20%,,54.50%,,26.30%,,25.70%,,33.50%,,21.60%,,54.10%,,39.60%,,39.40%,,40.20%,,28.10%,,59.70%,,33.70%,,32.80%,,41.40%,,25.10%,,58.10%,,30.50%,,29.50%,,41.60%,,29.30%,,62.30%,,32.10%,,31.40%,,43.50%,,28.70%,,59.70%,
        Average household size of owner-occupied unit,2.57,,3.13,,2.97,,3.45,,2.71,,2.62,,3.35,,3.2,,3.69,,2.52,,2.47,,3.11,,3.07,,3.25,,2.65,,2.51,,3.18,,3.06,,3.53,,2.51,,2.44,,3.21,,3.03,,3.53,,2.5,,2.46,,3.05,,3,,3.23,,2.49,,2.45,,3.29,,3.13,,3.62,
        Average household size of renter-occupied unit,2.34,,2.99,,2.66,,3.17,,2.37,,2.27,,2.97,,2.59,,3.19,,2.04,,1.99,,2.54,,2.36,,2.67,,2.47,,2.3,,3.08,,2.69,,3.37,,2.19,,2.08,,3.02,,2.42,,3.29,,2.02,,1.94,,2.57,,2.37,,2.73,,1.94,,1.89,,2.54,,2.2,,2.72,
    ROOMS,,,,,,,,,,,,,,,,,,,,,,,,,,,,,,,,,,,,,,,,,,,,,,,,,,,,,,,,,,,,,,,,,,,,
        1 room,2.70%," 78,489 ",3.20%,,2.10%,,4.60%,,1.50%,,1.40%,,2.00%,,1.50%,,2.70%,,1.10%,,1.00%,,1.80%,,1.40%,,2.50%,,2.90%,,2.70%,,3.60%,,2.70%,,5.00%,,1.50%,,1.50%,,1.80%,,1.30%,,2.20%,,1.70%,,1.60%,,3.60%,,2.40%,,5.50%,,1.60%,,1.40%,,4.00%,,3.40%,,4.80%,
        2 or 3 rooms,12.60%," 366,284 ",15.90%,,11.70%,,21.30%,,8.40%,,8.20%,,9.60%,,7.70%,,12.20%,,8.30%,,7.90%,,12.40%,,8.80%,,18.70%,,12.60%,,12.30%,,13.70%,,12.00%,,16.30%,,9.00%,,8.70%,,11.60%,,8.80%,,14.40%,,9.20%,,8.60%,,14.80%,,11.60%,,20.00%,,10.70%,,10.50%,,14.30%,,10.50%,,18.50%,
        4 or 5 rooms,36.10%," 1,049,432 ",39.40%,,37.20%,,42.20%,,30.60%,,30.00%,,34.40%,,27.70%,,43.30%,,31.30%,,31.20%,,33.40%,,28.90%,,41.20%,,36.90%,,35.60%,,41.60%,,37.90%,,47.60%,,34.90%,,34.30%,,40.20%,,30.40%,,50.30%,,27.00%,,26.60%,,32.10%,,30.10%,,35.40%,,33.80%,,33.40%,,40.50%,,34.20%,,47.40%,
        6 or 7 rooms,30.70%," 892,453 ",27.90%,,31.60%,,23.20%,,31.30%,,31.90%,,27.80%,,28.30%,,27.00%,,33.20%,,33.50%,,29.60%,,33.40%,,23.10%,,30.60%,,31.40%,,27.80%,,30.10%,,23.90%,,31.20%,,31.60%,,27.80%,,32.10%,,23.40%,,34.50%,,35.00%,,29.30%,,31.10%,,26.40%,,29.70%,,30.00%,,23.10%,,27.80%,,18.00%,
        8 or more rooms,17.90%," 520,356 ",13.60%,,17.40%,,8.60%,,28.20%,,28.50%,,26.20%,,34.80%,,14.80%,,26.10%,,26.40%,,22.80%,,27.50%,,14.60%,,17.00%,,18.00%,,13.30%,,17.20%,,7.10%,,23.30%,,23.80%,,18.60%,,27.30%,,9.70%,,27.60%,,28.30%,,20.20%,,24.80%,,12.60%,,24.30%,,24.60%,,18.00%,,24.10%,,11.40%,
    Median number of rooms,5.4,,5.1,,5.5,,4.6,,6,,6.1,,5.7,,6.3,,5.2,,6,,6,,5.6,,6.1,,4.8,,5.4,,5.5,,5.1,,5.4,,4.7,,5.7,,5.8,,5.3,,6,,4.9,,6.1,,6.1,,5.5,,5.8,,4.9,,5.7,,5.8,,5.1,,5.6,,4.5,
    1.01 or more occupants per room,4.40%," 127,909 ",11.60%,,7.40%,,16.80%,,2.50%,,1.80%,,7.30%,,4.20%,,11.30%,,1.60%,,1.20%,,6.60%,,5.10%,,9.00%,,4.60%,,3.10%,,9.80%,,6.30%,,15.40%,,2.20%,,1.50%,,8.00%,,4.50%,,11.60%,,1.80%,,1.20%,,7.60%,,5.60%,,11.10%,,1.70%,,1.20%,,9.20%,,6.60%,,12.10%,
    VEHICLES AVAILABLE,,,,,,,,,,,,,,,,,,,,,,,,,,,,,,,,,,,,,,,,,,,,,,,,,,,,,,,,,,,,,,,,,,,,
        None,5.60%," 162,793 ",6.20%,,5.20%,,7.50%,,5.90%,,5.80%,,5.90%,,4.20%,,8.20%,,7.10%,,7.00%,,7.50%,,6.30%,,9.70%,,7.30%,,7.50%,,6.60%,,5.40%,,8.40%,,5.50%,,5.50%,,5.60%,,4.50%,,6.70%,,10.60%,,10.30%,,13.80%,,9.90%,,20.30%,,6.50%,,6.40%,,9.20%,,6.80%,,11.80%,
        1 or more,94.40%," 2,744,221 ",93.80%,,94.80%,,92.50%,,94.10%,,94.20%,,94.10%,,95.80%,,91.80%,,92.90%,,93.00%,,92.50%,,93.70%,,90.30%,,92.70%,,92.50%,,93.40%,,94.60%,,91.60%,,94.50%,,94.50%,,94.40%,,95.50%,,93.30%,,89.40%,,89.70%,,86.20%,,90.10%,,79.70%,,93.50%,,93.60%,,90.80%,,93.20%,,88.20%,
    SELECTED CHARACTERISTICS,,,,,,,,,,,,,,,,,,,,,,,,,,,,,,,,,,,,,,,,,,,,,,,,,,,,,,,,,,,,,,,,,,,,
        No telephone service available,1.00%," 29,070 ",2.10%,,1.30%,,3.10%,,0.80%,,0.80%,,1.10%,,0.90%,,1.50%,,0.80%,,0.80%,,0.90%,,0.80%,,1.20%,,1.00%,,0.90%,,1.50%,,1.20%,,2.00%,,0.90%,,0.90%,,1.20%,,0.90%,,1.50%,,1.00%,,1.00%,,1.10%,,0.80%,,1.60%,,0.80%,,0.80%,,1.50%,,0.80%,,2.20%,
        Limited English Speaking Households,3.40%," 98,838 ",17.60%,,14.80%,,21.00%,,2.80%,,0.30%,,19.60%,,12.10%,,29.50%,,2.00%,,0.20%,,23.50%,,20.80%,,28.20%,,5.30%,,0.80%,,21.40%,,16.50%,,29.20%,,2.50%,,0.30%,,22.40%,,13.60%,,31.40%,,2.90%,,0.90%,,24.40%,,20.60%,,30.90%,,1.50%,,0.40%,,20.70%,,15.00%,,26.90%,
Owner-occupied housing units,"1,967,704",,"279,695",,"188,807",,"90,888",,"2,742,232",,"2,397,778",,"344,454",,"237,523",,"106,931",,"3,028,591",,"2,818,068",,"210,523",,"157,141",,"53,382",,"740,187",,"581,610",,"158,577",,"117,563",,"41,014",,"2,913,467",,"2,660,476",,"252,991",,"163,641",,"89,350",,"3,697,771",,"3,430,367",,"267,404",,"202,950",,"64,454",,"1,694,748",,"1,619,103",,"75,645",,"49,893",,"25,752",
    SELECTED MONTHLY OWNER COSTS AS A PERCENTAGE OF HOUSEHOLD INCOME IN THE PAST 12 MONTHS,,,,,,,,,,,,,,,,,,,,,,,,,,,,,,,,,,,,,,,,,,,,,,,,,,,,,,,,,,,,,,,,,,,,
        Less than 30 percent,78.30%," 1,540,712 ",77.70%,,78.40%,,76.20%,,78.60%,,79.00%,,75.40%,,75.50%,,75.10%,,79.70%,,80.20%,,72.80%,,71.90%,,75.60%,,75.80%,,75.70%,,76.00%,,75.60%,,77.10%,,80.50%,,80.80%,,76.90%,,76.50%,,77.70%,,79.50%,,79.90%,,74.10%,,73.80%,,75.10%,,80.70%,,80.90%,,78.00%,,78.80%,,76.30%,
        30 percent or more,21.70%," 426,992 ",22.30%,,21.60%,,23.80%,,21.40%,,21.00%,,24.60%,,24.50%,,24.90%,,20.30%,,19.80%,,27.20%,,28.10%,,24.40%,,24.20%,,24.30%,,24.00%,,24.40%,,22.90%,,19.50%,,19.20%,,23.10%,,23.50%,,22.30%,,20.50%,,20.10%,,25.90%,,26.20%,,24.90%,,19.30%,,19.10%,,22.00%,,21.20%,,23.70%,
Renter-occupied housing units,"939,310",,"158,620",,"55,794",,"102,826",,"1,407,906",,"1,207,834",,"200,072",,"71,806",,"128,266",,"1,079,218",,"973,009",,"106,209",,"43,204",,"63,005",,"484,498",,"377,783",,"106,715",,"45,883",,"60,832",,"1,479,202",,"1,300,760",,"178,442",,"54,782",,"123,660",,"1,626,438",,"1,435,682",,"190,756",,"84,239",,"106,517",,"800,791",,"742,595",,"58,196",,"20,041",,"38,155",
    GROSS RENT AS A PERCENTAGE OF HOUSEHOLD INCOME IN THE PAST 12 MONTHS,,,,,,,,,,,,,,,,,,,,,,,,,,,,,,,,,,,,,,,,,,,,,,,,,,,,,,,,,,,,,,,,,,,,
        Less than 30 percent,49.40%," 464,019 ",53.00%,,53.70%,,52.60%,,50.60%,,50.90%,,48.60%,,46.10%,,49.90%,,53.00%,,52.50%,,58.10%,,57.50%,,58.50%,,46.00%,,45.50%,,47.80%,,49.20%,,46.80%,,55.20%,,55.00%,,56.10%,,56.30%,,56.00%,,54.50%,,54.40%,,55.30%,,57.80%,,53.30%,,58.60%,,58.40%,,61.00%,,66.20%,,58.20%,
        30 percent or more,50.60%," 475,291 ",47.00%,,46.30%,,47.40%,,49.40%,,49.10%,,51.40%,,53.90%,,50.10%,,47.00%,,47.50%,,41.90%,,42.50%,,41.50%,,54.00%,,54.50%,,52.20%,,50.80%,,53.20%,,44.80%,,45.00%,,43.90%,,43.70%,,44.00%,,45.50%,,45.60%,,44.70%,,42.20%,,46.70%,,41.40%,,41.60%,,39.00%,,33.80%,,41.80%,
